phase,total_projects,total_phase_overrun,avg_overrun_perct
Procurement,50,1393739000.00,24.086000
Mobilisation,50,675478000.00,23.020000
Design,50,879441000.00,22.276000
Testing & Commissioning,50,888446000.00,19.382000
Handover,50,468754000.00,18.636000
Construction,50,5332441000.00,17.510000
